start,end,length,frame,,,,,,,,,,,,
11700,11835,135,1,,,BRCA2 - ORF,,,,,,BRCA2 - ORF,,,
199,10456,10257,2,,,Start,End,Length,Frame,,,Start,End,Length,Frame
10555,10663,108,2,,,11700,11835,135,1,,,11700,11835,135,1
11050,11260,210,2,,,199,10456,10257,2,,,199,10456,10257,2
4208,4319,111,3,,,10555,10663,108,2,,,10555,10663,108,2
5927,6086,159,3,,,11050,11260,210,2,,,11050,11260,210,2
7655,7769,114,3,,,4208,4319,111,3,,,4208,4319,111,3
7865,8141,276,3,,,5927,6086,159,3,,,5927,6086,159,3
9008,9125,117,3,,,7655,7769,114,3,,,7655,7769,114,3
9719,9848,129,3,,,7865,8141,276,3,,,7865,8141,276,3
11513,11711,198,3,,,9008,9125,117,3,,,9008,9125,117,3
,,,,,,9719,9848,129,3,,,9719,9848,129,3
,,,,,,11513,11711,198,3,,,11513,11711,198,3
