position,original_codon,mutated_codon,original_aa,mutated_aa,mutation_type
5238,GAG,AAG,E,K,Non-synonymous
204,TCA,CCA,S,P,Non-synonymous
2253,ATA,TTA,I,L,Non-synonymous
1828,AAT,ATT,N,I,Non-synonymous
6033,GTT,ATT,V,I,Non-synonymous
5543,TGC,TGG,C,W,Non-synonymous
4467,AAG,TAG,K,*,Non-synonymous
4837,CTG,CGG,L,R,Non-synonymous
260,TGA,TGT,*,C,Non-synonymous
767,TGG,TGA,W,*,Non-synonymous
1905,TAA,CAA,*,Q,Non-synonymous
4931,AAG,AAA,K,K,Synonymous
4597,GGT,GAT,G,D,Non-synonymous
5865,AGG,CGG,R,R,Synonymous
5745,ATG,CTG,M,L,Non-synonymous
3436,TAA,TTA,*,L,Non-synonymous
3679,GTC,GCC,V,A,Non-synonymous
2278,TCA,TAA,S,*,Non-synonymous
6216,TTG,ATG,L,M,Non-synonymous
5719,CAG,CGG,Q,R,Non-synonymous
