gene,position,gc_content
BRCA1,0,59.0
BRCA1,50,49.0
BRCA1,100,39.0
BRCA1,150,39.0
BRCA1,200,42.0
BRCA1,250,39.0
BRCA1,300,33.0
BRCA1,350,33.0
BRCA1,400,35.0
BRCA1,450,41.0
BRCA1,500,46.0
BRCA1,550,48.0
BRCA1,600,41.0
BRCA1,650,39.0
BRCA1,700,41.0
BRCA1,750,36.0
BRCA1,800,43.0
BRCA1,850,47.0
BRCA1,900,42.0
BRCA1,950,39.0
BRCA1,1000,39.0
BRCA1,1050,45.0
BRCA1,1100,46.0
BRCA1,1150,40.0
BRCA1,1200,37.0
BRCA1,1250,40.0
BRCA1,1300,38.0
BRCA1,1350,37.0
BRCA1,1400,36.0
BRCA1,1450,39.0
BRCA1,1500,41.0
BRCA1,1550,39.0
BRCA1,1600,40.0
BRCA1,1650,39.0
BRCA1,1700,34.0
BRCA1,1750,31.0
BRCA1,1800,35.0
BRCA1,1850,35.0
BRCA1,1900,39.0
BRCA1,1950,39.0
BRCA1,2000,36.0
BRCA1,2050,43.0
BRCA1,2100,43.0
BRCA1,2150,38.0
BRCA1,2200,37.0
BRCA1,2250,33.0
BRCA1,2300,35.0
BRCA1,2350,41.0
BRCA1,2400,43.0
BRCA1,2450,43.0
BRCA1,2500,38.0
BRCA1,2550,38.0
BRCA1,2600,39.0
BRCA1,2650,39.0
BRCA1,2700,44.0
BRCA1,2750,39.0
BRCA1,2800,35.0
BRCA1,2850,39.0
BRCA1,2900,42.0
BRCA1,2950,40.0
BRCA1,3000,33.0
BRCA1,3050,34.0
BRCA1,3100,38.0
BRCA1,3150,33.0
BRCA1,3200,33.0
BRCA1,3250,40.0
BRCA1,3300,40.0
BRCA1,3350,35.0
BRCA1,3400,32.0
BRCA1,3450,37.0
BRCA1,3500,40.0
BRCA1,3550,35.0
BRCA1,3600,43.0
BRCA1,3650,52.0
BRCA1,3700,47.0
BRCA1,3750,39.0
BRCA1,3800,37.0
BRCA1,3850,39.0
BRCA1,3900,39.0
BRCA1,3950,41.0
BRCA1,4000,41.0
BRCA1,4050,43.0
BRCA1,4100,43.0
BRCA1,4150,44.0
BRCA1,4200,48.0
BRCA1,4250,48.0
BRCA1,4300,48.0
BRCA1,4350,49.0
BRCA1,4400,41.0
BRCA1,4450,40.0
BRCA1,4500,44.0
BRCA1,4550,41.0
BRCA1,4600,44.0
BRCA1,4650,50.0
BRCA1,4700,50.0
BRCA1,4750,47.0
BRCA1,4800,50.0
BRCA1,4850,48.0
BRCA1,4900,45.0
BRCA1,4950,47.0
BRCA1,5000,47.0
BRCA1,5050,42.0
BRCA1,5100,36.0
BRCA1,5150,39.0
BRCA1,5200,40.0
BRCA1,5250,38.0
BRCA1,5300,46.0
BRCA1,5350,51.0
BRCA1,5400,51.0
BRCA1,5450,53.0
BRCA1,5500,53.0
BRCA1,5550,55.00000000000001
BRCA1,5600,60.0
BRCA1,5650,60.0
BRCA1,5700,56.99999999999999
BRCA1,5750,47.0
BRCA1,5800,42.0
BRCA1,5850,41.0
BRCA1,5900,34.0
BRCA1,5950,38.0
BRCA1,6000,46.0
BRCA1,6050,47.0
BRCA1,6100,43.0
BRCA1,6150,45.0
BRCA1,6200,47.0
BRCA1,6250,51.0
BRCA1,6300,55.00000000000001
BRCA1,6350,49.0
BRCA1,6400,52.0
BRCA1,6450,57.99999999999999
BRCA1,6500,42.0
BRCA1,6550,26.0
BRCA1,6600,32.0
BRCA1,6650,32.0
BRCA1,6700,27.0
BRCA1,6750,36.0
BRCA1,6800,39.0
BRCA1,6850,36.0
BRCA1,6900,46.0
BRCA1,6950,45.0
BRCA2,0,69.0
BRCA2,50,60.0
BRCA2,100,47.0
BRCA2,150,37.0
BRCA2,200,36.0
BRCA2,250,40.0
BRCA2,300,36.0
BRCA2,350,32.0
BRCA2,400,38.0
BRCA2,450,37.0
BRCA2,500,37.0
BRCA2,550,38.0
BRCA2,600,36.0
BRCA2,650,39.0
BRCA2,700,43.0
BRCA2,750,45.0
BRCA2,800,38.0
BRCA2,850,32.0
BRCA2,900,36.0
BRCA2,950,37.0
BRCA2,1000,34.0
BRCA2,1050,30.0
BRCA2,1100,26.0
BRCA2,1150,28.999999999999996
BRCA2,1200,32.0
BRCA2,1250,36.0
BRCA2,1300,43.0
BRCA2,1350,44.0
BRCA2,1400,37.0
BRCA2,1450,31.0
BRCA2,1500,34.0
BRCA2,1550,40.0
BRCA2,1600,43.0
BRCA2,1650,36.0
BRCA2,1700,30.0
BRCA2,1750,39.0
BRCA2,1800,45.0
BRCA2,1850,39.0
BRCA2,1900,27.0
BRCA2,1950,24.0
BRCA2,2000,35.0
BRCA2,2050,39.0
BRCA2,2100,37.0
BRCA2,2150,33.0
BRCA2,2200,27.0
BRCA2,2250,37.0
BRCA2,2300,38.0
BRCA2,2350,36.0
BRCA2,2400,40.0
BRCA2,2450,36.0
BRCA2,2500,36.0
BRCA2,2550,32.0
BRCA2,2600,27.0
BRCA2,2650,33.0
BRCA2,2700,34.0
BRCA2,2750,30.0
BRCA2,2800,31.0
BRCA2,2850,32.0
BRCA2,2900,37.0
BRCA2,2950,35.0
BRCA2,3000,31.0
BRCA2,3050,32.0
BRCA2,3100,32.0
BRCA2,3150,35.0
BRCA2,3200,34.0
BRCA2,3250,30.0
BRCA2,3300,32.0
BRCA2,3350,33.0
BRCA2,3400,33.0
BRCA2,3450,32.0
BRCA2,3500,31.0
BRCA2,3550,35.0
BRCA2,3600,39.0
BRCA2,3650,44.0
BRCA2,3700,42.0
BRCA2,3750,36.0
BRCA2,3800,38.0
BRCA2,3850,36.0
BRCA2,3900,33.0
BRCA2,3950,28.999999999999996
BRCA2,4000,21.0
BRCA2,4050,24.0
BRCA2,4100,30.0
BRCA2,4150,28.999999999999996
BRCA2,4200,31.0
BRCA2,4250,35.0
BRCA2,4300,37.0
BRCA2,4350,34.0
BRCA2,4400,31.0
BRCA2,4450,28.000000000000004
BRCA2,4500,26.0
BRCA2,4550,30.0
BRCA2,4600,34.0
BRCA2,4650,40.0
BRCA2,4700,40.0
BRCA2,4750,35.0
BRCA2,4800,38.0
BRCA2,4850,42.0
BRCA2,4900,41.0
BRCA2,4950,39.0
BRCA2,5000,31.0
BRCA2,5050,25.0
BRCA2,5100,31.0
BRCA2,5150,37.0
BRCA2,5200,35.0
BRCA2,5250,28.999999999999996
BRCA2,5300,28.000000000000004
BRCA2,5350,30.0
BRCA2,5400,28.999999999999996
BRCA2,5450,30.0
BRCA2,5500,32.0
BRCA2,5550,35.0
BRCA2,5600,35.0
BRCA2,5650,36.0
BRCA2,5700,33.0
BRCA2,5750,26.0
BRCA2,5800,34.0
BRCA2,5850,38.0
BRCA2,5900,33.0
BRCA2,5950,31.0
BRCA2,6000,31.0
BRCA2,6050,36.0
BRCA2,6100,39.0
BRCA2,6150,34.0
BRCA2,6200,35.0
BRCA2,6250,35.0
BRCA2,6300,35.0
BRCA2,6350,36.0
BRCA2,6400,34.0
BRCA2,6450,37.0
BRCA2,6500,32.0
BRCA2,6550,27.0
BRCA2,6600,30.0
BRCA2,6650,35.0
BRCA2,6700,34.0
BRCA2,6750,31.0
BRCA2,6800,32.0
BRCA2,6850,37.0
BRCA2,6900,37.0
BRCA2,6950,39.0
BRCA2,7000,34.0
BRCA2,7050,28.000000000000004
BRCA2,7100,37.0
BRCA2,7150,40.0
BRCA2,7200,38.0
BRCA2,7250,34.0
BRCA2,7300,33.0
BRCA2,7350,34.0
BRCA2,7400,34.0
BRCA2,7450,33.0
BRCA2,7500,33.0
BRCA2,7550,32.0
BRCA2,7600,34.0
BRCA2,7650,43.0
BRCA2,7700,52.0
BRCA2,7750,46.0
BRCA2,7800,33.0
BRCA2,7850,35.0
BRCA2,7900,41.0
BRCA2,7950,44.0
BRCA2,8000,40.0
BRCA2,8050,38.0
BRCA2,8100,39.0
BRCA2,8150,37.0
BRCA2,8200,35.0
BRCA2,8250,36.0
BRCA2,8300,41.0
BRCA2,8350,44.0
BRCA2,8400,48.0
BRCA2,8450,45.0
BRCA2,8500,45.0
BRCA2,8550,47.0
BRCA2,8600,41.0
BRCA2,8650,36.0
BRCA2,8700,38.0
BRCA2,8750,36.0
BRCA2,8800,37.0
BRCA2,8850,46.0
BRCA2,8900,45.0
BRCA2,8950,39.0
BRCA2,9000,39.0
BRCA2,9050,38.0
BRCA2,9100,33.0
BRCA2,9150,31.0
BRCA2,9200,32.0
BRCA2,9250,34.0
BRCA2,9300,41.0
BRCA2,9350,43.0
BRCA2,9400,39.0
BRCA2,9450,37.0
BRCA2,9500,41.0
BRCA2,9550,42.0
BRCA2,9600,36.0
BRCA2,9650,33.0
BRCA2,9700,39.0
BRCA2,9750,48.0
BRCA2,9800,38.0
BRCA2,9850,39.0
BRCA2,9900,44.0
BRCA2,9950,42.0
BRCA2,10000,47.0
BRCA2,10050,44.0
BRCA2,10100,33.0
BRCA2,10150,31.0
BRCA2,10200,35.0
BRCA2,10250,41.0
BRCA2,10300,47.0
BRCA2,10350,38.0
BRCA2,10400,33.0
BRCA2,10450,31.0
BRCA2,10500,28.999999999999996
BRCA2,10550,38.0
BRCA2,10600,31.0
BRCA2,10650,35.0
BRCA2,10700,56.99999999999999
BRCA2,10750,49.0
BRCA2,10800,30.0
BRCA2,10850,26.0
BRCA2,10900,28.000000000000004
BRCA2,10950,28.999999999999996
BRCA2,11000,34.0
BRCA2,11050,37.0
BRCA2,11100,33.0
BRCA2,11150,28.000000000000004
BRCA2,11200,21.0
BRCA2,11250,24.0
BRCA2,11300,40.0
BRCA2,11350,38.0
BRCA2,11400,30.0
BRCA2,11450,45.0
BRCA2,11500,57.99999999999999
BRCA2,11550,53.0
BRCA2,11600,48.0
BRCA2,11650,50.0
BRCA2,11700,48.0
BRCA2,11750,40.0
BRCA2,11800,30.0
BRCA2,11850,21.0
